{"cameraMode":{"drawMode":0,"name":"Shaded","section":"Shading Mode"},"sceneLighting":true,"audioPlay":false,"sceneViewState":{"m_AlwaysRefresh":false,"showFog":true,"showSkybox":true,"showFlares":true,"showImageEffects":true,"showParticleSystems":true,"showVisualEffectGraphs":true,"m_FxEnabled":true},"in2DMode":false,"pivot":{"x":2.1066372394561769,"y":-0.05063056945800781,"z":1.001032829284668},"rotation":{"x":0.24995671212673188,"y":-0.21846194565296174,"z":0.057998720556497577,"w":0.9415051937103272},"size":9.357434272766114,"orthographic":false}